{
  "project_info": {
    "project_number": "109339325416",
    "firebase_url": "https://digibarberhd-prod.firebaseio.com",
    "project_id": "digibarberhd-prod",
    "storage_bucket": "digibarberhd-prod.appspot.com"
  },
  "client": [
    {
      "client_info": {
        "mobilesdk_app_id": "1:109339325416:android:b5e5b07fba937b83edaa5d",
        "android_client_info": {
          "package_name": "com.digibarber.app"
        }
      },
      "oauth_client": [
        {
          "client_id": "109339325416-6fpb3rsjcej9vepgap0pcqugajla3p59.apps.googleusercontent.com",
          "client_type": 1,
          "android_info": {
            "package_name": "com.digibarber.app",
            "certificate_hash": "a5503c603f36f807b4fd56d8f419dcc6b3863a3a"
          }
        },
        {
          "client_id": "109339325416-en5c0n3u87j64cplhe6mhjvfojlhvscq.apps.googleusercontent.com",
          "client_type": 3
        }
      ],
      "api_key": [
        {
          "current_key": "AIzaSyAwJ5PqfhX6sshtYTF0Pwc3H7004rwSEsE"
        }
      ],
      "services": {
        "appinvite_service": {
          "other_platform_oauth_client": [
            {
              "client_id": "109339325416-pga9brk9gknbft87si2b4qq307l12704.apps.googleusercontent.com",
              "client_type": 3
            },
            {
              "client_id": "109339325416-og47konurq3t5sku57bc27kltdjgk3oc.apps.googleusercontent.com",
              "client_type": 2,
              "ios_info": {
                "bundle_id": "com.digibarber.customer"
              }
            }
          ]
        }
      }
    },
    {
      "client_info": {
        "mobilesdk_app_id": "1:109339325416:android:3a16254ebba6c72dedaa5d",
        "android_client_info": {
          "package_name": "com.digipartner.app"
        }
      },
      "oauth_client": [
        {
          "client_id": "109339325416-5kabkougmkn5clt6khfa4fgu4pmeqgm6.apps.googleusercontent.com",
          "client_type": 1,
          "android_info": {
            "package_name": "com.digipartner.app",
            "certificate_hash": "08da5aaee821da65e9dc1d7a3ce2b30e2171ace0"
          }
        },
        {
          "client_id": "109339325416-en5c0n3u87j64cplhe6mhjvfojlhvscq.apps.googleusercontent.com",
          "client_type": 3
        }
      ],
      "api_key": [
        {
          "current_key": "AIzaSyAwJ5PqfhX6sshtYTF0Pwc3H7004rwSEsE"
        }
      ],
      "services": {
        "appinvite_service": {
          "other_platform_oauth_client": [
            {
              "client_id": "109339325416-pga9brk9gknbft87si2b4qq307l12704.apps.googleusercontent.com",
              "client_type": 3
            },
            {
              "client_id": "109339325416-og47konurq3t5sku57bc27kltdjgk3oc.apps.googleusercontent.com",
              "client_type": 2,
              "ios_info": {
                "bundle_id": "com.digibarber.customer"
              }
            }
          ]
        }
      }
    }
  ],
  "configuration_version": "1"
}